{
  "images" : [
    {
      "idiom" : "iphone",
      "scale" : "1x",
      "filename" : "loginBackground.png"
    },
    {
      "idiom" : "iphone",
      "scale" : "2x",
      "filename" : "loginBackground@2x.png"
    },
    {
      "idiom" : "iphone",
      "scale" : "3x",
      "filename" : "loginBackground@3x.png"
    },
    {
      "idiom" : "ipad",
      "scale" : "1x",
      "filename" : "loginBackground~ipad.png"
    },
    {
      "idiom" : "ipad",
      "scale" : "2x",
      "filename" : "loginBackground~ipad@2x.png"
    }
  ],
  "info" : {
    "version" : 1,
    "author" : "xcode"
  }
}